weibo_id,content
IA54opYvf,0.24442899
IA6oqaq0J,0.35563245
IA891dKpu,0.592735
IA8f57lsy,0.374639
IAAeAtA5R,0.0156866
IABqigt4L,0.89598
IABwsBRSf,0.5942868
IABzKewa8,0.001799
IAGmx7z1A,0.20907153
IAIXYzHsT,0.42898035
IAJxlq8LX,0.07796783
IAKDr9FD0,0.49282202
IAKbYu6mN,0.33211198
IAKfqacbb,0.017509
IAKr0uOfE,0.4287285
IASJHfrqD,0.000654
IASLQfHFA,0.66264135
IASSwdfAW,0.94333726
IAT0SxBnM,0.019738665
IATBksJsM,0.999242
IAToSjMaj,0.017362667
IATs6D4eP,0.21268675
IAeDskjlT,0.42687002
IAgx48lov,0.008128
IAhwv2P1J,0.208493
IAiAdB19A,0.018808
IAiCQ9cxB,0.99890447
IAiEC3yKR,0.98381
IAiHkrIVn,0.913928
IAiJu3lPZ,0.000184
IAiQBv8x5,0.805724
IAiUmD7H3,0.54920876
IAijLhrnB,0.000283
IAimy7hWG,0.660958
IAitXB6sj,0.13688955
IAixbC0HC,0.130152
IAoRgku2Y,0.99970603
IAq2JkhDM,0.43499574
IArLy9Xg2,0.7652828
IArPa8Tis,0.997913
IArzNep6D,0.4709325
IAzEP8uuG,0.993715
IB2LkA5fn,0.991984
IB2UtEgKJ,0.003341
IB31ECgdg,0.954301
IB3mKegax,0.470877
IB9WN3HOE,0.78323
IB9gr2J72,0.28541267
IB9oJcfPJ,0.36047775
IBAwfeCZF,0.34002602
IBAzaCX9M,0.003178
IBEC35hxp,0.60081464
IBEJZBAgF,0.078630246
IBENWARuA,0.2068628
IBET84It0,0.981553
IBEre1AVF,0.000403
IBEx5pcWF,0.6810425
IBNXQwztS,0.035947
IBO1JCdbl,0.08085
IBO6FbuWj,0.39925346
IBObpbw0D,0.3376397
IBOj4mlmR,0.50457346
IBOnwFxUj,0.26592648
IBOrRhZHc,0.19681586
IBXTrcqbV,0.69784445
IBY0mglK1,0.77983946
IBYfnm1xo,0.37536243
IBYkn0GH7,0.32261667
IBYrsmDd6,0.560691
IBYuga46G,0.6087767
IBYyn9fCp,0.5750165
IBcUw0Apf,0.005347
IBcXytoYd,0.1327875
IBcZYirXT,0.48559582
IBd1M0lrd,0.943682
IBd5Krp7U,0.075743996
IBdb1ihQ0,0.52091175
IBdg60NID,0.9912025
IBdiMBKBo,0.0013435
IBdlee1W1,0.009361999
IBdvC4jBp,0.016719
IBhYU8TTk,0.51260394
IBj7VgURk,0.800624
IBjT32SYN,0.02265275
IBjWD1vT9,0.967005
IBjcCBc6G,0.49138802
IBk4Pyb9A,0.49587673
IBkLRdbvf,0.000914
IBkPjsRYL,0.3909654
IBkahzSrK,0.560447
IBkhah0HE,0.946566
IBkpOjB8e,0.983848
IBl5H40RQ,0.518078
IBl9BkBFI,0.53264904
IBlcX7nhM,0.093412
IBsReFS0l,0.000564
IBsfSlA8l,1.9e-05
IBtDasOr0,0.0028865
IBtgqDOeW,0.05866
IBtkF4S5e,0.00831
IBtu5yDTJ,0.6067134
IBvZobIpS,0.0295978
IC3wVjQgs,0.50012
IC6IvwXhG,0.126183
IC6Zi002g,0.3455404
IC72Vq3Pv,0.49312103
IC7aRqfuH,0.94806254
IC7ducBGw,7.8e-05
ICFXtzCys,0.00526
ICFz0t9dk,0.999042
ICGhOqw2b,0.001473
ICI8Yn9Uf,0.33651567
ICIn1tfCA,0.99886656
ICOHX30SF,0.004134
ICRLZemqM,0.012044501
ICRUAi5dP,0.46964002
ICRZ0w7W5,0.34430885
ICRrzA2nm,0.934216
ICRy18lQW,0.6492467
ICS31Ajmt,0.40811732
ICS6M8Nat,0.061047144
ICSbplwB7,0.8998805
ICSgC1ATq,0.2882716
ICbCX0Guh,0.484924
ICcit1GNm,0.001585
ICdwAkEi9,0.873748
ICdwKmhBr,0.002976
ICgBUgMLC,0.4315195
ICgGDl03r,0.0167005
ICgLy3qFd,3.2e-05
ICgNOp4Nt,0.409554
ICpIeAUDN,0.003477
ICpKpCFTP,0.99859
ICpNjhM1i,0.3440307
ICpUEDQlE,0.9892255
ICpY9fVJJ,0.001124
ICq5lph08,0.815272
ICq8Qz4zI,0.0449714
ICqc9nkyP,0.976651
ICqeS6mH4,0.4662185
ICvocCaQS,0.980277
ICzOvpwRz,0.2659555
ICzpJa6tG,0.762504
ID0UyqCH5,0.75597894
ID13V4oGg,0.838239
ID1azz5g1,0.496467
ID6Bg0SV3,0.5246465
IDAB8ygQI,4.2e-05
IDALsgnQX,0.850158
IDAp18Mtp,0.858982
IDAw47wuF,0.000149
IDLExxDb3,0.008384501
IDLQOpEXC,0.469811
IDLrq4A53,0.023096
IDLyPh7uk,0.8834005
IDQTlBVk8,0.010474
IDUFkvzRJ,0.944659
IDWCWzojn,0.913928
IDWQii11A,0.999029
IDWVZ3t8J,0.82162
IDWnXyupt,0.779795
IDWs9yFSN,0.00253
IDWzAfvc7,0.996245
IDhQFl88x,0.90219
IDi3oCVPU,0.048098
IDiPn2q57,0.995975
IDilnvK5h,0.57755953
IDj7cuuZb,0.0008365
IDjjE1cwr,0.4989905
IDpAhjxFn,0.35078123
IDpuHhdJQ,0.004693
IDqW0gjvN,0.502482
IDr7Igu9R,0.048347
IDru5ATYK,0.37835205
IDsD8vVC0,0.724863
IDsHCwwve,0.999129
IDsK7mQ0s,0.35409
IE4NFjqtA,0.56542
IE4ZnjZNh,0.064389
IEa4vhD8T,0.5784
IEbk1rUqP,0.006657
IEcBJdb8l,0.6016397
IEcNE0IWJ,5e-06
InBzJEk2u,0.039693
InEO9DUfB,0.004305
InGl8uWXy,0.999726
InL15Dsvb,0.72247225
InNP2yuSN,0.199989
InNuYeTAQ,0.6147433
InOR80mza,0.004675
InOcTb44F,0.018098
Io6BFfl8h,0.973202
Io7lPnABP,0.968847
IoQO9EcH0,0.5546971
IoQdkFUHb,0.000275
IodZ6iC3o,0.5620845
IoftC4GoY,0.3892343
IogksuNgG,0.4806805
IohCIBm8I,0.890564
Iohmovnyx,3e-06
IomhwfXvf,0.55496883
Iopmfea9a,0.167972
IopzotUvH,0.993667
Ioqq1Bhob,0.0400295
IoxOLC3DK,0.4908275
IoyXI19Ir,0.35460934
IoyxzvHSN,0.659062
IpEoXhEH4,0.005911
IpNB93bwp,0.010425
IpVX3isru,0.00086
IphuBzBDC,0.968235
IpyR0a60t,0.797471
IpzCqAysc,0.28906932
Iq2Kq21nd,0.0059516667
Iq36a6kKw,0.9712525
Iq5gg2AfW,0.999921
IqDU6rXwd,0.31554213
IqDmx4i0b,0.27494135
IqE5U9mOL,0.090015
IqE7IodPi,0.986978
IqES45JIA,0.000396
IqF4N2uhy,0.8831325
IqFf0ehtw,0.98222494
IqFiZh1Ou,0.86327
IqFt1iyrN,0.0682206
IqGykd6mN,0.32434532
IqHMd4AVM,0.095513605
IqNU8ephV,0.40204802
IqNwSe3N6,0.91936064
IqO78jZml,0.122948
IqRnpihTW,0.75712
IqX6mEQxB,0.665556
IqXHegiX5,0.9986375
IqY7H8zd7,0.091802
IqYNrF8uK,0.4914805
IqYrpD6QO,0.0043349997
IqZWYEYTt,0.000305
IqdzQDkSp,0.94783354
IqeaFCs41,0.30314267
IqeeEDF9l,0.2580435
IqesD2C75,0.390668
IqezWlv7A,0.188425
IqkD78IZa,0.51993984
IqmxFe5lt,0.024978
Iqnw0sfRA,0.867328
Iquak5Rwi,0.44349584
IqvGpEAvj,0.927283
IqvYmcKWm,0.81028795
IqwGrva9a,0.011275
IqyrZ6FdQ,0.4898605
Ir0UTiX8T,0.29057202
Ir0tVpTpz,0.296421
Ir1G3daJM,0.28336784
Ir1ihznn3,0.17999
Ir2qY3IQw,0.008261667
Ir5IXrj4y,0.31958556
Ir5jvdNLI,0.006263
Ir5oy5RJZ,4.8e-05
Ir5vP41oU,0.15320948
Ir6J2cSS0,0.45919198
Ir6OGlLRo,0.765177
Ir6Tps9qB,0.467031
Ir6aAofQz,0.2173782
Ir6dCBgcj,0.4002574
Ir6uxiTb6,0.29077333
Ir7BdkHQV,0.997488
Ir7H3CbA1,0.2686791
Ir7tdc4v3,0.48053423
Ir84TDuyQ,0.426884
Ir8E6t9Sq,0.152245
Ir8W8BDGe,0.2973196
Ir8giub0b,0.940452
Ir9BSf9YQ,0.44410333
Ir9FPbO9V,0.32777548
Ir9live3D,0.54901224
Ir9vy6ZHu,0.019873999
IrACOcogu,0.998382
IrAJHd3aT,0.0031935
IrANK1UsV,0.8312885
IrAYig8gS,0.936809
IrAfqsYkg,0.999077
IrB3plLFl,0.962251
IrBRE5L9v,0.014009
IrBqunQ55,0.38487065
IrBuMkxkb,0.614722
IrBywzAM1,0.3947355
IrC0suhh5,0.31830934
IrCA97JVL,0.53395253
IrCLLykFb,0.049598
IrCSSnAUt,0.137946
IrCb5ad0g,0.37875777
IrCdz4j0J,0.022100002
IrCh7fMNB,0.003255
IrCq0lzNh,0.25414833
IrCxwifKs,0.137994
IrDciddzg,0.74457926
IrDwcbClU,0.021241501
IrDyquSK7,0.0003145
IrHa80KV3,0.002921
IrHem8MfK,0.029495
IrHuOttsQ,0.245045
IrJ88BV2X,0.00017
IrJQQA1fa,0.9145965
IrJlU0Bgo,0.130103
IrK7Bxibd,0.01754
IrKAN9NjT,0.54835004
IrKSo870v,0.736084
IrKZ8dXPF,0.998449
IrLBGcbf0,1e-06
IrLF087rq,0.914916
IrLHBs6ob,0.889157
IrLKxvpyT,0.00031149999
IrLMKkBt2,0.569044
IrLS6qbPv,0.009671
IrLU5mAFy,0.0023525
IrLWt8Ud4,0.311926
IrM35xtBT,0.266889
IrM5ioU21,0.014602
IrMCgBuhV,0.0003825
IrMHyyoE9,0.5638125
IrMd71rSh,0.014763
IrMuB9aLQ,0.979041
IrR67tkx4,0.4511685
IrRf9smV3,0.991888
IrRkvhnlh,0.438237
IrRqk3Ys7,3e-05
IrRsArSIt,8.9e-05
IrSUyq9rS,0.05829667
IrSZ58xqA,0.591015
IrT23fq3k,0.009221
IrT48m7RH,0.73629224
IrTI4yRg5,0.23898897
IrTPfkQsD,0.802437
IrTRb1cRn,0.09630633
IrTWLj3J4,0.363211
IrTa8pRW1,0.2980795
IrTfO2QmJ,0.000695
IrTl0F2kU,1.0
IrTvLABFJ,0.465824
IrTxU27Ft,0.486217
IrU0e7wnH,0.83822453
IrU58cnKG,0.5186563
IrUqcxOtU,0.3155238
IrVKMx0Gq,0.778423
IrVZPqDSf,0.2898182
IrVuy8N71,0.26549548
IrW5Cqkq2,0.481582
IraAk0Jhk,0.384956
IraJzwcu4,0.451856
IraXp1L2N,0.986892
IrabMbRcz,0.773254
IratRzk8p,0.8784925
IravlsHjn,0.4173571
Iraxrvh1c,0.38522324
Irbgi46BL,0.996613
IreS64gmW,0.67417365
Irf0m8xV9,0.28267542
Irf5AC26Y,0.305785
IrfRJn9Qy,0.24863401
IrfoKwhAj,0.092700996
IrgAnyb96,0.55651104
IrgcDFMXN,0.986978
Irgl6bewY,0.035344254
Irh3P6b3h,0.6847569
IrhNvnmFw,0.857354
IrhUD9Lr1,0.45980352
IrhbXtxXK,0.000144
Iri6yaYak,0.028921999
Iri9A76Tw,0.327169
IriHfsjCm,0.6686668
IriKTvFZA,0.586996
IriMi8oii,0.5464265
IrimuzXT7,0.088285424
IrismDL4C,2.1e-05
Irivzx7vb,0.25536075
Irizv1tmq,0.49985948
Irj7qBQgH,0.200146
IrjAgAjsC,0.67135376
IrjpN8UbZ,0.37878534
Irk6YBRrA,0.27435088
IrkF4yX1D,0.63931
IrkZtfbMg,0.00182
IrkfcjLXG,0.260467
IrkiPbdj4,0.012298
IrkqqtfQi,0.539105
IrksJd9OU,0.89173764
IrkvZlxws,0.854679
IroEqgkLp,5.1e-05
IroLaqGG1,0.34843433
IroWvCVQP,0.3636278
IrpAIt9f4,7.7e-05
IrpIfkTmg,0.6698263
IrpMSfvMv,0.000199
IrqKmhnBw,0.8124835
IrqaJ9xEV,0.20827006
IrqnrvO7X,0.18160462
Irr08DfFM,0.0179195
Irr41rHzM,0.123388
IrrDt3FQ8,0.33665273
IrrWo86WY,0.0863305
IrriystkH,0.43602115
Irs5t69eX,0.29043567
Irsjc6Vcg,0.999936
IrskTyIMe,0.030851
IrssDsIti,0.003209
Irsu46egP,0.000658
IrszGdsKw,0.8691
IrtFtfcbs,0.002063
Iry03pAIG,0.561282
IryEtbMs3,0.50808
Irz6v0RjH,0.34100285
Irz8L3YmK,0.021187501
IrzTc4LTz,0.005924
IrzWf8hJ4,0.922988
IrziMdOtg,0.092165
Irzp3jEJZ,0.014729
Is0mzb10Y,0.5819092
Is105oax1,0.68738
Is11uekgr,0.744852
Is155D0E2,0.50427
Is1d11gn7,0.002865
Is1pz24SR,0.6814024
Is1sojimp,0.997401
Is1w0xaha,0.000259
Is2ODF961,0.0098395
Is2h3DpVt,0.002853
Is4GPuPAx,4.3e-05
Is4QVmtIp,4e-05
Is4XVp4xK,0.943805
Is4msgoJc,0.001947
Is4pMgaCE,0.962495
Is51gg9Y7,0.0
Is56ABaUq,0.010839
Is5cI1qSR,0.010156
Is5iLjga6,0.064516
IsC4flTCh,0.999544
IsCCyitmT,0.053458
IsCEHfNMD,0.999369
IsCGUlqV3,0.016377
IsClCDZFI,7.1e-05
IsDRV0wVU,0.359923
IsDfq1IOX,0.041621
IsDwjcWjw,0.830109
IsEHkudf3,0.47690248
IsELTyZVs,3.1e-05
IsERJgpzb,0.49647
IsExyq1CT,0.992697
IsF7yfhRU,0.40254033
IsFAT0xiq,0.998472
IsFdyArlf,0.25092098
IsFiYAd55,0.00053
IsGH2x0F3,0.000773
IsGI7lk5U,0.186449
IsGKGAjbb,0.000934
IsGNNhuj5,0.906377
IsGQFu3ok,0.080847
IsGTNgxjK,0.154658
IsGXo508f,0.6009662
IsGZhpDS1,0.012026832
IsGpr2E7r,0.19774024
IsGzQ4DZc,0.999285
IsH4MqbyI,0.19873965
IsHFOD6Ua,0.22772099
IsHJoBZgH,0.007671
IsHN8wptl,0.062967
IsHaBcE2v,6e-05
IsHfuniUP,0.3317345
IsHjU2d8y,0.33527133
IsHmhc40Z,0.000247
IsHzr2idO,0.87414
IsLTbtDH9,0.18082699
IsMTtww4t,0.35233465
IsMYm9Hxh,0.216102
IsMgLgKoH,0.57183385
IsN29jCvE,0.323001
IsNVSfphP,0.986978
IsNdT7huM,0.001487
IsNiFbVGX,0.906211
IsNsykT77,0.042759
IsOJrkEbj,0.000159
IsOMmrrPo,0.001144
IsOOzgg90,0.23747468
IsOVMorSq,0.999998
IsOZLoHBv,0.48905933
IsOhQskKN,0.297822
IsPGy1H43,0.992601
IsPJIvRiC,0.1812105
IsPNelctc,0.166379
IsPQV4rhL,0.729196
IsPUnwBny,0.021728002
IsPbmmATD,0.011885334
IsPd4qfyx,0.17940034
IsPo198IB,0.033381667
IsPpNpJj4,0.23985349
IsPrW3MFr,0.13498
IsPvZfYtT,0.0069885
IsQBvqGLq,0.934091
IsQDDzBHW,0.60310066
IsQHAcIMw,0.010122
IsQT0tWJT,0.075422
IsQY6E4E5,0.002263
IsQcHqqRY,0.268234
IsQpZ0yq9,0.70479226
IsQw3FEDm,0.931666
IsVCC12Jb,0.002
IsVHFuHuJ,0.013316287
IsVNWnmfR,0.000623
IsVY1CI09,0.016901
IsVcdgvu4,0.000218
IsVfnaLa3,0.023774
IsVi7n0qD,0.002077
IsVsPmTGp,0.000273
IsVwbF4Fl,0.0052143335
IsWEbinjh,0.008527
IsWKjy7yX,0.048267
IsWLY8Ol6,0.186599
IsWNn09M5,0.067227
IsWOVhKmz,0.9616559
IsWTWrgBG,0.041148
IsYAK3mnX,0.682413
IsYVIu7sm,0.54409534
IsYsPyioU,0.00302
IsYv75QCr,0.75571936
IsZ0M19wa,0.001105
IsZ8cn2V2,0.00054
IsZJNxs0C,0.0365265
IsZMDBxNj,0.13348834
IsZu7nRcx,0.5401377
IsZzBchqw,0.380719
IsbiR0jCa,0.47234753
IsboIqNKm,8.6e-05
Isc0PrMOc,0.026433
IscKVaUd5,0.885689
IscOzeYbH,0.008846
IscS5hWNJ,0.000475
Isd2fz1M6,6.3e-05
Isd3NAhJN,0.049879
Isda30kyN,0.7328195
Isddx2wgS,0.23169191
Isdtvc7ll,0.002597
IsdvK4ssZ,0.27907166
IsdypzNt2,0.32238925
Ise3AEOpM,0.803251
IseBYn5DF,0.80571663
IsexH2ZtZ,0.48241568
IsjU14xVo,0.0007455
IsjXljedU,0.24996068
IskCrETl1,0.5000435
IskZtbdZe,0.78492355
IskcQgtPZ,0.002168
IskrTroim,0.58263266
IslMZC1CW,0.00468
IslOI1y6C,0.094767
IslU0yO5R,0.6131416
IsmPcvzhC,2.1e-05
IsmyPaeMc,0.0020019999
Isn1kgkSe,0.61346006
Isn4Ogwkj,0.000244
Isnb7srET,0.015479
Isnk4qZAc,0.001192
IsnplffkM,0.42206502
IsnyhgjBQ,0.3292795
Iso6Aul8S,0.008053499
Iso8ggAxT,0.007201
IsoaODl2p,0.968674
Isocnd3T2,0.082179
IsoeaDPXf,0.003098
Isofy49UO,8.5e-05
Isok8Cthw,0.000416
IstZJBRDs,0.41570398
IsuFgz0fF,0.498676
IsuXhwzsH,0.5575486
IsuYB36AD,0.00956
IsubulOWj,0.32415694
IsufirYNg,0.016645
Isv20le7N,0.6040947
IsvQee3Hi,0.36912486
IsvxAzFCw,0.106817886
Isw6Q0InU,0.02405
IswIqikzx,0.4029344
IswLfwIoa,0.248827
IswNcFPRy,0.33347166
IswPgkjq4,0.000889
IswS44d4X,0.04105275
Iswd9hCBx,0.995642
IswgZ9zHd,0.432933
IswlS3l2W,0.1982585
IswtrzLCA,0.999691
Isx5wxuN3,0.64611
Isx9F12SI,0.620068
IsxcIrvyH,0.058416
Isy9foavg,0.5386007
It06A1QDl,0.4064415
It08cb5MH,0.4831185
It0b1F0NI,0.27347377
It0cnkHcm,0.47102648
It0e7s3l0,0.25099325
It0fhg9jP,0.9109995
It0h19wD0,0.4312322
It0i9ajHV,0.5003195
It0jc8aue,0.13508435
It0k3k1tH,0.167554
It0m0u9ai,0.7397374
It0nFl1qA,0.7309615
It0psoOwA,0.2026125
It50quseW,0.497053
It58tjL9e,0.00031300003
It5MYmSM6,0.34632477
It5N58R9l,0.424659
It5bqaASp,0.37103298
It7HXAoD5,0.57317096
It7TzpnAu,0.010020999
It82KwooH,0.068821505
It8B0AlbR,0.002189
It8HrbtAk,0.2190105
It8Qw5w9V,0.26069766
It8WqeVGr,0.022923
It8YSogb8,0.11499
It8lqi1ii,0.055946
It90tlHV7,0.78484
It93hqOyb,0.021688
It9Ac7sNJ,0.0
It9Cv5KIK,0.3934817
It9HEcYR7,0.486427
It9Jop8EQ,0.01998
It9Kkkgk4,0.001992125
It9MprEp3,6e-06
It9Oo5WaM,0.002891
It9PxiJqd,0.003666
It9Qz5iIw,0.12741564
It9bM23fC,0.550287
It9gPbOjB,0.34951684
It9k9qeEi,0.001382
It9nCxHLb,0.00329
It9pebUog,0.998473
It9riF7NI,0.677239
It9tF12zD,0.993988
ItA0PAbbq,0.687621
ItAO435wI,0.997649
ItARqmeAY,0.002475
ItAVSD77V,0.906352
ItArHgOuv,0.992104
ItB2VClwS,0.4473265
ItB6RaPfx,0.34023738
ItB9w27I8,0.268859
ItBAExLLP,0.940945
ItBD1F2ZF,0.1148835
ItBG9z51a,0.108167
ItBHVs2DI,0.45321602
ItBLHe63v,0.35879976
ItBXyFMeI,0.081449464
ItBckCD6e,0.0735355
ItBfYFAup,0.070297
ItBjF8riz,0.33745134
ItBmuC6vh,0.00138
ItBr1nXLQ,0.62021184
ItBwgEk9B,0.3476077
ItC8Ji8bJ,0.883036
ItGdlAjzG,0.31731027
ItGiwrATu,0.015529857
ItGlqrp95,0.2663339
ItHyju4VO,0.2738063
ItIDbwV74,0.0956725
ItIJDEXp1,0.0177435
ItJJB2wUU,0.000199
ItJLTslO6,0.199289
ItJNEdOcG,0.65931404
ItJUpdSoi,0.003667
ItJYL0qgv,0.990518
ItK1j5hAw,0.3213495
ItK6LagBi,0.798479
ItKBS6HpY,0.0241615
ItKEVd3ig,0.081394
ItKO12bd2,0.7069455
ItKSkrNTr,0.6681463
ItKgHd73f,0.001243
ItKtxz88Z,0.011477
ItKvIjRgZ,0.140638
ItQUz71gt,0.53931844
ItQXehMYk,0.335659
ItR8BBin8,0.020193666
ItRNFhQOe,3.0000001e-05
ItRVYjEnb,0.091957495
ItS8dqWup,1e-06
ItSKPc4do,1e-06
ItSW9AGZx,5.1e-05
ItTa0AtDo,0.877224
ItU3pnhyb,0.044030998
ItU5JAb6k,0.999983
ItU7WmVUw,0.997905
ItUBU8ics,0.1978485
ItUFTb24d,0.457036
ItUG1aEyq,0.3172989
ItUO2uvwY,0.000127
ItUQJp2ak,0.565547
ItUcjBDKL,0.002851
ItUek4Jrc,2.3e-05
ItUfMbndT,0.975637
ItUhFsR8g,0.001123
ItUm8D9MB,0.986232
ItUopCEZl,0.497396
ItUqGejC1,0.21386549
ItUsSrW9T,0.226966
ItYaJt8Yu,0.3858354
ItZrt1nWb,0.37883332
ItZv467z0,0.30670553
IteFLtZgG,0.0055
IteU5aHLe,0.000777
ItemRzDh1,0.33533266
IterCv3HX,0.036784
ItfRyChUP,0.442332
ItfaXbAvC,0.975408
ItfhqbbBA,0.005536
IthNCDmww,0.32542297
IthPIEkUl,0.512327
IthVX97bs,0.21849202
IthXIcHbP,0.119913
Iti22duKp,0.28327024
ItiDewhTI,0.4639115
ItiF8rjne,0.0078922
ItiKrzkfR,0.004263
ItiRJpgsu,0.002031
ItiUD3zee,0.116136
Itiap5TH6,0.345719
Iticpdg0Q,0.7065463
ItieBpTtW,0.31072935
ItikN0C94,0.040915
ItimTjaA2,0.67655
ItiqnxxuQ,0.12684034
ItirmsSu3,0.7221046
ItiwKCN5o,0.62584174
Itj00np3r,0.00548
Itj3szJvW,0.086509
Itj7ZknDu,0.999997
ItjcNvJqK,0.48713526
ItjeBbwX8,0.037423
Itjg7tlll,0.249268
Itnfgt8YZ,0.6328107
ItoYdi8Fh,0.39446253
ItoedwM5e,0.2460655
ItpEdvpx8,0.05293967
ItpGMcDDO,0.5862363
ItpSa5EMv,0.430595
ItpYEyOjE,0.972611
Itq6wFmUM,0.5822678
ItqlD9VE0,0.123068
ItrBhgMKJ,0.942913
ItrDkDjpD,0.859799
ItrEFEG0h,0.99854
ItrJXoUcy,0.077335
ItrMyrOoD,0.005483
ItrkXg5Jc,7.2e-05
ItrnSmmtK,0.06772933
Itrrwp8CP,0.13580833
Itrxz6Gs9,0.050319
Its2hgmqT,2.9e-05
Its58ekJp,2e-06
ItsEwhjxS,0.08136367
Itsgi2J5h,2e-06
ItsitlFoA,0.33321232
ItsnhsaJ3,0.436703
ItspKzxZa,0.763846
ItsrACH6M,0.002409
ItstJhB7I,0.18808
Itsv8t5K3,0.69635683
ItsyrczCl,0.849666
ItxonqSxl,0.208573
ItyrOy74S,0.999994
ItzKKyInH,0.00771
Itzy9jyBl,0.000727
Iu28gCsXx,0.3856636
Iu2KO0nZK,0.002546
Iu2Qw0vk3,0.98694
Iu3Ce8Pju,0.000674
Iu3ELo0cg,0.008239
Iu3IupI5S,0.26262373
Iu3QcytXu,0.0037
Iu3WDb4eo,0.540398
Iu3eWELm8,0.076115
Iu3gtcMpj,0.501463
Iu3iezOaB,0.46226525
Iu3ntlacj,0.5200715
Iu3pw4l2C,0.063344
Iu3urB2dh,0.962579
Iu3z1BlUg,0.46723
Iu4AnioHg,0.000123
Iu4Cv4ZYJ,0.993635
Iu4FYtEdz,0.23554301
Iu4b6fjxl,0.6586163
Iu8rI1gHN,0.381602
IuALdfUmq,0.48450398
IuANWgWTx,0.000141
IuCMegOUF,0.3112556
IuDS7yiGV,0.30780733
IuDayrJjw,0.5253768
IuDqh3oxU,0.990128
IuDrM5wwG,0.42972752
IuE4jaM1m,0.000859
IuEOYhSF8,1.0
IuEQNbFCZ,0.016589
IuESsixnF,0.423422
IuEUInJoO,0.39729148
IuEXlsbyY,0.0030315
IuF6jAPaY,0.24478067
IuFGR9tNd,0.35866702
IuFJW0CDR,0.25094774
IuFLJ6KCv,0.499891
IuFNnowCC,0.016566
IuFQiurMw,0.051265
IuFRF094i,0.061455
IuFV4BBp9,0.827717
IuFXZ7DTe,0.220332
IuFcgmJiE,0.338709
IuFjxjqf8,0.012802
IuFoqqOIF,0.00136
IuFsHgnNy,0.000867
IuFylF6kU,0.078531
IuKln49BZ,0.020639334
IuLmmykyd,0.537291
IuMYg3O4j,0.049343333
IuN2jf8JM,0.97745
IuOFT4KsN,3.1e-05
IuOHGsEdv,0.14933786
IuOLLnTEp,0.26852867
IuOO02wVD,0.25180626
IuOcDjiww,0.00811
IuOew2jQO,0.349648
IuOk6DKRK,0.312173
IuOnJfXIy,0.000669
IuOpSxi1W,0.3466875
IuOs9cElt,0.49497452
IuOuQrq5Z,0.490194
IuOzLmsjR,0.0182635
IuP5v5hGL,0.032244
IuP74ySYP,0.0007725
IuPcR1Eq0,0.2627668
IuPgK5FbK,0.000252
IuPnOzPUY,0.60811496
IuSUZoIpK,0.006441
IuTCW7YdP,0.14200269
IuTWD6Sy2,0.177192
IuUjIsiMy,0.000551
IuVBhq42y,0.044238
IuVMjcttO,0.000113
IuVngm9Pv,0.502853
IuWSdnWFv,0.955771
IuWxBmQtN,0.6899735
IuXCIcLgJ,0.027308
IuXIc18ME,0.48166272
IuXOE4XBQ,0.6889155
IuXSM0b70,0.213244
IuXacg5p8,0.45387802
IuXcgswlX,3.7e-05
IuXhTuQ7y,0.001588
IuXt1pvaW,0.334438
IuXvhtAJE,0.0
IuY0W9nCz,0.5001865
IuY8TlTKG,0.002669
IuYQ79nZR,0.94789255
IuYb7DH4B,0.23253751
IuYfxz4Ka,0.216584
IuYhD0Qfa,0.000462
IuYkqqV57,0.696464
IuYlSgMqO,0.41070473
IuYogkVt5,0.998632
IuYqJCL5U,0.576386
IuacR4ZCh,0.001413
IuaeM9K9T,0.281606
IuaivwbCG,0.0067296666
IucBVqeo2,0.009000501
IucFT1T9p,0.094645
IucQs5QYS,0.24227001
IucTu40RP,0.010028
IucV7Ednz,0.015997
IucWLlyAc,0.860676
IucYMBaG1,0.88767505
Iucu4sSNY,0.99458
Iud45wRKu,0.283174
Iud5TeiXu,0.99270046
Iud8t56Wf,0.062708
IudHW6Z6i,0.1988936
IudakAjlZ,4e-06
IudcI3W8E,0.885168
Iudg6sHVh,0.21838832
IudtN6s55,0.5260823
IuhmqefaE,0.20297472
Iujkjr6tC,0.16948251
Iuk9Rccto,0.35967883
Iukcm0NlV,0.002087
IukgDD0Mo,0.4957025
Iul3DBhi5,0.104734905
IulAC5HM2,4.3e-05
IulViyO4x,2.7e-05
Ium1kksB1,0.495374
Ium3soFFI,0.003199
Ium8549vE,0.103507996
IumNzh874,0.021701666
IumQ0gRut,0.49955326
IumV8eBK8,0.0058865002
IumWUa73x,0.0018277499
IumYisSZE,0.3422215
IumZNwlON,0.588428
Iumewh8U7,0.28471702
Iumiu5beN,0.47855002
Ius3YEM4D,0.6989725
IusSUB1fD,0.19411649
IuuR6poVl,0.9882105
IuuobmdWW,0.004163
IuutOFurU,0.014116
IuvFm6kMq,0.03132833
IuvHjuBUT,5e-06
IuvIUuGe3,0.005167
IuvM2lUmY,0.057015
IuvPsdJg0,0.0177865
IuvTBCGPn,0.102636
IuvbMzNEF,0.999982
Iuw0cyfhV,0.134783
Iuw7Xjjrt,0.127472
Iuwdjczyz,0.006911
Iuwim5p12,0.47512817
Iuwu3v1aG,0.247288
Iv2ODvGIN,0.33828366
Iv2VfjTvc,0.572442
Iv4PBAnz3,0.23858151
Iv4a0wLNq,0.668974
Iv5XU6miA,0.464753
Iv6QumIlT,0.005985
Iv6Uce2lC,0.10003
Iv6WOdZtt,0.85855
Iv749dW8x,0.258108
Iv76rlpSB,0.968203
Iv7B5oXGx,0.000701
Iv7UGafSI,0.915507
Iv7e82XHW,0.1542185
Iv7ix3aGD,0.001404
Iv7koBhYZ,0.494227
Iv7oe9lxe,0.35078666
Iv7rJlmi0,0.03345
Iv7zxmwtA,0.00042250002
Iv80YtgiL,4.55e-05
Iv82Rxifm,0.006748
Iv85eCViP,0.977496
Iv88d4Z78,0.913928
Iv8aCh76e,0.000133
Iv8iRu3g3,0.47290698
Iv8mrEn4F,0.10025984
IvA9MmXCt,0.021033
IvACLwMJG,0.5195506
IvAfCC1g4,0.49506348
IvAnLmaBz,0.003325
IvAp9kMNi,0.344252
IvAy0DNZ1,0.5932484
IvFtNradn,0.38266075
IvH6dsBBj,0.33510065
IvHjqxHhu,0.5372815
IvI8f7y97,0.000285
IvJ1ppajt,0.971891
IvJ3J3BXJ,0.000908
IvJBKfK0V,0.989106
IvJDVhOts,0.51300853
IvJFOxl4q,0.20007542
IvJIwobE6,0.5513555
IvJMWC6DL,0.6121835
IvJTjqtDr,0.9972463
IvJZUnnY8,0.392049
IvJbTc6pm,0.806142
IvJkEgOLC,0.836375
IvJmp3JE0,3e-06
IvJpAqnIh,0.466541
IvJvUe7yQ,0.5307803
IvJyzrDbF,0.016783
IvOLWxzKx,0.0201495
IvPQQ617k,0.44891
IvPa3uFeb,0.14410721
IvSD4jdcD,0.000107
IvSFS31Pg,0.4722975
IvSKz8M3y,3.5e-05
IvSOrjccv,0.054468
IvSRpqMTm,0.512619
IvSU3aB8M,0.541929
IvSWRcIEI,0.078964196
IvSclcj7r,0.234307
IvSrNrYRT,0.106523
IvSytpYxD,0.3488125
IvT2kFAT8,0.001839
IvT80C5yr,0.40225238
IvTa1jLsd,0.003173
IvTdYhdMN,0.40558836
IvTlFuuLj,0.43035126
IvToWbzlP,0.0042950003
IvYCz15Ab,0.055686668
IvZ5BpFCo,0.49079
IvdCU1dP9,0.202088
Iveei9cBZ,0.999999
Ivf6GyDP4,0.016486
IvfBHmGvq,0.986685
IvfWEBbQl,0.003386
Ivg6G6Cul,0.044944003
IvgJ3lZQY,0.55349237
IvgP85XmC,0.008389
IvgSk6tSo,0.29326
Ivgi89Rg1,0.016614
IvgthipCv,0.0023106665
IvhFuFTYE,0.522063
IvhpPFjsX,0.48802897
IvhyHlQoK,0.001273
IvmvLfMCi,0.001758
Ivo176VST,0.0014196667
Ivo3suhAh,0.979317
IvpffzOeW,0.330726
Ivq4otyIR,0.36513153
IvqAS0tD8,0.016742999
IvqjbnKBe,0.482591
Ivr6Q82qp,0.5224387
Ivr9WwjQW,0.48896748
Ivrhpe22o,0.33209002
IvvsZbVM1,0.35209
IvwlTh9pq,0.23058438
IvwqdAJfu,0.48600325
IvwvOdu2n,0.007719667
IvwyAb0MB,0.997474
IvxDdapFw,0.333101
IvxJ6EBET,0.028272
IvxMhcnbQ,0.78597796
IvxhH0QUp,0.008536667
IvxyVephZ,0.00817
IvyXxbZnY,0.42421168
Ivz76g6p8,0.0
Ivz97yAi9,0.294109
IvzADpUJJ,0.2641409
IvzEdE5TQ,0.994126
IvzrTc55t,0.2093674
IvzugBBrG,0.00886
Iw1KL8yqV,0.999851
Iw23n11BA,0.998539
Iw25t29Al,0.2170835
Iw26MC3EE,0.4426605
Iw2AqfSy2,0.009348
Iw2It2TDF,0.0062045
Iw2bvpWxe,0.2024324
Iw2mZ1r8g,0.002744
Iw2w2nPDu,0.119707
Iw8Z7go4N,0.53487015
Iw9Pvypm3,0.505874
Iw9hunTA1,0.4931195
Iw9vRxobo,0.0052075
IwA26hnGC,0.850158
IwBbYiHZQ,0.3628822
IwBkw4NMr,0.40401435
IwBrclveG,0.000108
IwCUO1QMl,0.6108548
IwD0FcEVR,0.00079250004
IwDKhC8eM,0.999923
IwDOsvcr1,0.716876
IwDmBmV9E,0.011317
IwDs1l161,0.47845152
IwDwcu951,0.500259
IwE3YDzY3,0.37657765
IwE7h65Zs,0.987357
IwE9Uv7xl,0.038724
IwEfSsWYI,0.34081998
IwEinkHid,0.02229
IwEmQa2aY,0.07348333
IwIB9sozG,0.22354402
IwKHzhHO5,0.47502917
IwLHc3VPx,0.21437967
IwLrfyOUg,0.14750616
IwN5n7bHk,0.399651
IwNBXEmhJ,0.5879746
IwNkfkZXy,0.999983
IwNndovuJ,0.47153622
IwNqA3hy7,6.1e-05
IwNtrmpHG,0.940682
IwNwvBOPo,0.988404
IwUECnFQi,0.003122
IwUbhzXOT,0.45777822
IwUzvldh6,0.000285
IwWCe8vg9,0.001322
IwWIocXAK,0.49731076
IwWKt1Y81,0.0025184
IwWMEoJmh,0.020144
IwWSDvAHh,0.006921
IwWY3tcBz,0.33965302
IwWtEeSlO,0.033225
IwWw3sLpL,0.9706917
IwWyKsIUb,0.47510374
IwX1t3Kkh,0.002318
IwX5yCf3q,0.037961498
IwXaOuqK5,0.0062964996
IwaWJzMnt,0.0068275
IwbFIuuuP,0.69677
IwbIf4bIy,0.41656083
IwbKUio6A,0.990904
IwbTLgVAF,0.4893125
IwbWAtxVO,0.21810159
IwbZtjyOJ,0.122019
IwbcBhgEy,0.54164
IwbhT1rXf,0.647615
Iwbn5olZQ,0.090599
IwboUgeWZ,0.000537
Iwbs2EK3L,0.302739
IwbwJu63h,0.47875437
Iwc1Ncb1V,0.00089
Iwc6gE9KE,0.913928
IwhTL2avr,0.998941
Iwi8S4t9V,0.500277
IwiQz5reY,0.50544065
IwkBugUle,0.959629
IwkFbB8yE,0.20428877
IwkH942wk,0.003285
IwkJcnIuu,0.000504
IwkNlt7qC,0.005075
IwkRt2IxS,0.009787
IwkVaDkv1,0.997599
IwkYauMTr,0.001652
Iwki53Xec,0.081666
Iwl0ZtcM7,0.50188
Iwl4ytlEo,0.449782
Iwl886maz,0.40159872
IwlAQakcj,4e-05
IwlCXC3LQ,0.033447754
Iwlap3EH0,0.0079465
IwldyFlby,0.980468
IwlggcHkl,0.09216001
IwlrS2QWX,0.06113563
Iwluq7jXC,0.9968945
IwlwXlQjz,0.9477405
Iwlzuwjk7,0.000303
IwoFjtmfv,0.90822
Iwr7wk4q5,0.559751
IwraViJT0,0.42308775
IwriVra35,0.116667
IwsCA5CLF,0.543795
Iwt3wvhUu,0.498694
IwtZ3pMAs,0.0783655
Iwu8eftwh,0.427116
IwuDKA2zi,0.49080852
IwuLPsUfx,0.008416333
Iwuf371Vt,0.36546633
IwuiqxnSG,0.12515368
IwulufSOE,0.25732574
IwuxxA3BW,0.016209
IwvldeG6z,0.18665078
Ix3DxchWW,0.41418028
Ix59miyU7,0.004468
Ix5CUlsOS,0.955257
Ix5IZotTR,0.4322147
Ix5LpbO4e,0.9027815
Ix5OR6AOS,0.684741
Ix5ZP3BG2,0.31872365
Ix5npCYD7,0.6514743
Ix64H23za,0.955257
Ix67VEoiq,0.955257
Ix6c30VO5,0.9322104
Ix6dwjxBu,0.33432066
Ix6i1fko2,0.496284
Ix6l39UKm,0.6699605
Ix6n9t2p2,0.5931215
Ix6t3gMLh,0.0038653333
IxFiig9a5,0.34992003
IxHcGj1nD,0.36633432
IxHhRe13V,0.010841
IxHohfLRF,0.9988937
IxHs0xHNd,0.0011389999
IxHyhs3GV,0.41245553
IxHzQ44HV,0.9738235
IxNjo5LMA,0.7203517
IxOJFtd3g,0.39757204
IxQOCBeHF,0.010619
IxQT9mbuB,0.975937
IxQVX6QEb,0.471361
IxQXTC0To,0.0032974998
IxQkfrahh,0.50428414
IxR4ntQOT,0.0059685
IxR9gmahl,0.913928
Ixd4mrOWU,0.014004
IxdfrcY1D,0.967857
IxeTV9kzB,0.944053
IxezclEyg,0.5252863
IxfFq27Rd,0.0109185
IxfLjeqLS,0.075495
IxfQPnz2R,0.7348707
IxfTTqpoL,0.33490768
IxfXln6Mb,0.15967433
Ixfb4AVhu,0.987007
IxfseEHyp,0.000732
Ixg1IANmo,0.783906
Ixg46Dz28,0.987954
Ixg6pmj8b,0.27971
Ixgjg1Eu4,0.97580147
Ixnx3gYFR,0.37640882
IxoJTojO7,0.62300265
IxoNRx408,0.03866
IxoYspYTr,0.9602055
IxocT7yHK,0.12555133
IxofBhelL,0.047262
Ixp1c2yN9,0.48977476
Ixp7Tv5gF,0.362417
IxpaMeDXp,0.21212518
IxphXAKqx,0.5000295
Ixpmb6ISS,0.10802267
IxpoSlVbZ,0.43488565
Ixpt96u0y,0.913928
IxpvEvdEZ,0.011744
IxvRYBiGu,0.443714
IxwYXiHpm,0.00036
IxxhrfFDn,0.992881
IxxjJCmJu,0.243645
Ixxvu1u93,0.939544
IxyE6jaqY,0.001421
IxyG8vLUU,1.0
IxyL7gF0r,0.07913775
IxyOljSNg,0.739553
IxyRGbXj8,0.30268002
IxyltxCpd,0.57281196
IxynwhNXU,0.069053
Ixyr5DCjd,0.30315018
IxytQ9JGq,0.985133
IxyvSk3yl,0.4556805
Iy017ingc,3e-06
Iy041xetm,0.473201
Iy075xt1y,0.4606455
Iy0LDAcdg,0.013316
Iy0PLe4t7,0.985728
Iy0XY1SbJ,0.99743295
Iy0ZxwOoy,0.67717
Iy0egxWoc,0.056183334
Iy0gyqP3x,0.012739
Iy0kJwocp,0.4986655
Iy0qOCzOV,0.504331
Iy0tVhd7f,0.519189
Iy5Gn3WMj,0.8724367
Iy7VPqHhb,0.912972
Iy9BC79ub,0.995919
Iy9vtw74w,0.013067
Iy9yLEeLf,0.084505
IyC1tutPS,0.3299174
IyC5mlgqo,0.49720702
IyCHibU72,1.6e-05
IyCKdkwba,0.001187
IyCOtaW2l,0.9560275
IyCjKqYiG,0.172362
IyCnbdcuX,0.532053
IyCrui7yh,0.175361
IyCyodICL,0.000148
IyI5DgVCQ,0.001086
IyLAdAYbk,0.000192
IyLLcq5t4,0.39513382
IyLNgjV1U,0.283546
IyLRYiSCS,0.008785
IyM9R1uDK,0.214005
IyMcS49LR,0.500557
IyTCqhO8p,0.080893
IyTNdhvu0,0.31365615
IyTUExcTO,0.995428
IyUHQxT88,0.059367
IyUNvASNN,0.027495
IyUQvccWr,0.411334
IyUV09amD,0.020379333
IyV9Tejoq,0.989802
IyVvD1FeH,0.43710825
Iya7Bb4tb,0.863575
Iyab0rDI9,0.295959
Iyafp9ZYf,0.09393334
IyaigsGae,0.0006575
IyaspgOCr,0.46142498
IyhQi78DG,0.001276
Iyi1k9wJ3,0.6078064
IyiIh7s3e,0.0330075
IyiY5zk6F,0.42324382
Iyj5s58ps,0.988212
Iyk1wCxcu,0.34063265
Iyk5XrGrW,0.0049955
IyqiQwxMD,0.003829
IyqlWk7UJ,0.42371318
Iyrwg7e88,0.50102603
IysZK60VP,0.48916
Iyt1FaGQm,0.38032556
IytEdE1Jx,0.09710133
IytkkjRoW,0.000864
IytukwsEk,0.20476432
IyytJiAbG,0.467776
Iyz3Ywwfd,0.6780495
IyzB4792X,0.43714526
Iz08waUNE,0.5250375
Iz1Ghcn19,0.0014525
Iz1YJhUvn,0.37661374
Iz1d7mp7l,0.36928514
Iz3KccnIP,0.961624
Iz3LQF63Q,0.354213
Iz3hAjskT,0.26843876
Iz4WElK6d,0.487183
Iz4sRfjzv,0.66148967
Iz4yCcAHL,0.01206
Iz53upiFg,0.244189
Iz56MzTkm,0.2810977
Iz59Cpjxs,0.069415
Iz5lk9quT,0.20988299
IzBFpEiGV,0.1278914
IzGAC3Nkr,0.015998
IzGDZi0P2,0.32063198
IzGM51gkc,0.025674
IzGqqATbp,0.3902615
IzGt2fYHz,0.036332
IzGxJAYVu,5e-06
IzK3t9OxK,0.16645141
IzNlMfMrU,0.514538
IzPEcrmv4,0.443345
IzPHvycss,0.85393775
IzPKLmdfz,0.351534
IzPMZClJB,0.39660808
IzPSz45Fe,0.075891
IzPZjwS6X,0.003366
IzVC9rU5D,0.681009
IzVtd5xmD,0.63435984
IzXOgnmK1,0.27273434
IzXXwgHwC,0.126606
IzXj2khQH,0.26030052
IzXmxxN08,0.980192
IzYZukCXV,0.166665
IzZ7DCEXc,0.09002
IzZin5wrf,0.36646873
IzZmW9Tu9,0.048866
IzZpUzvLL,0.31080166
IzZsObPQr,0.21853131
IzZwW8qy7,0.5639335
IzaStdtF7,0.008117
IzbMqlphh,0.27179074
IzcEp5CA1,0.99973
Ize3mjJXM,0.45799002
Ize5uFKgN,0.896282
IzeEVoUSl,0.065325
IzeGHkNi6,0.312093
IzeKOCyPX,0.41520134
IzeMAeO8z,0.012758
IzegXBGZZ,0.42638502
Izenlzta7,0.4576015
IzjVEgyaP,0.95919
IzkdmAlst,0.20130399
IznIkAD9q,0.457752
IznKDjiMp,0.000255
IznWLAUV5,0.37534735
IznzjsDnz,0.468803
Izo017CZX,0.044406
Izo3styRC,0.999864
IzobovhZQ,0.5790168
IzoyC7D9i,0.30810738
IzvB21Scg,0.0266843
IzwIiqPai,0.005687
IzwLZokxR,0.994054
IzwNPaxiP,0.732223
IzwWd0xHp,0.001208
Izx00u6kR,0.5882823
Izx353Yxl,0.57662296
Izx6y9gJz,0.86039597
